script,source,target,script_length,pollution_level
alejandrofcarrera_DatathonMadrid16_refine_op_clean_208327.json,alejandrofcarrera_DatathonMadrid16_source_datasets_208327.csv,alejandrofcarrera_DatathonMadrid16_clean_clean_208327.csv,10,1.0
alejandrofcarrera_DatathonMadrid16_refine_op_clean_211346.json,alejandrofcarrera_DatathonMadrid16_source_datasets_211346.csv,alejandrofcarrera_DatathonMadrid16_clean_clean_211346.csv,7,0.7
alejandrofcarrera_DatathonMadrid16_refine_op_clean_214440.json,alejandrofcarrera_DatathonMadrid16_source_datasets_214440.csv,alejandrofcarrera_DatathonMadrid16_clean_clean_214440.csv,10,1.0
andreybratus_RefineOnSpark_operations_column-move.json,andreybratus_RefineOnSpark_input_50.csv,andreybratus_RefineOnSpark_expected_column-move.csv,1,0.1
andreybratus_RefineOnSpark_operations_column-split.json,andreybratus_RefineOnSpark_input_50.csv,andreybratus_RefineOnSpark_expected_column-split.csv,1,0.1
andreybratus_RefineOnSpark_operations_remove-column.json,andreybratus_RefineOnSpark_input_50.csv,andreybratus_RefineOnSpark_expected_remove-column.csv,1,0.1
CEU-Economics-and-Business_ECBS-5146-Different-Shapes-of-Data_data_sample_product.json,CEU-Economics-and-Business_interviewing-your-data-2021_projects_long-distance_2016.csv,CEU-Economics-and-Business_interviewing-your-data-2021_projects_2016-products.csv,10,1.0
CEU-Economics-and-Business_ECBS-5146-Different-Shapes-of-Data_data_sample_select-winners.json,CEU-Economics-and-Business_interviewing-your-data-2021_projects_long-distance_2016.csv,CEU-Economics-and-Business_interviewing-your-data-2021_projects_2016-select-winners.csv,9,0.9
CEU-Economics-and-Business_ECBS-5146-Different-Shapes-of-Data_data_sample_seller.json,CEU-Economics-and-Business_interviewing-your-data-2021_projects_long-distance_2016.csv,CEU-Economics-and-Business_interviewing-your-data-2021_projects_2016-seller.csv,9,0.9
cns-iu_phi_intermediate-files_01-refine-isi-authors.json,cns-iu_phi_intermediate-files_wos-extract.csv,cns-iu_phi_intermediate-files_wos-extract_01-updated.csv,3,0.3
cns-iu_phi_intermediate-files_03-refine-isi-mergeAuthorNames-sciGephi.json,cns-iu_phi_intermediate-files_wos-extract-02-updated.csv,cns-iu_phi_intermediate-files_wos-extract-03-updated-csv.csv,6,0.6
DigitalHistory_dhu235_temp.json,DigitalHistory_dhu235_resources_openrefine_citizenscience.csv,DigitalHistory_dhu235_citizenscience-updated.csv,10,1.0
FanruiYan_Data-Visual-Analytics---Python_HW1_Q4_changes.json,FanruiYan_Data-Visual-Analytics---Python_HW1_Q4_properties.csv,FanruiYan_Data-Visual-Analytics---Python_HW1_Q4_properties_clean.csv,5,0.5
felixlohmeier_bibtag21-automatisierung-openrefine_history.json,felixlohmeier_bibtag21-automatisierung-openrefine_schriftstellerinnen.csv,felixlohmeier_bibtag21-automatisierung-openrefine_schriftstellerinnen-updated.csv,3,0.3
fusepoolP3_p3-batchrefine_datasets_strutture-transform.json,fusepoolP3_p3-transformer-configs_toscana-hotels_strutturericettive20141012.csv,fusepoolP3_p3-batchrefine_strutturericettive20141012-updated.csv,5,0.5
fusepoolP3_p3-batchrefine_engines_transforms_high-earners-blank-down.json,fusepoolP3_p3-batchrefine_engines_inputs_high-earners.csv,fusepoolP3_p3-batchrefine_engines_outputs_high-earners_blank-down.csv,1,0.1
fusepoolP3_p3-batchrefine_engines_transforms_high-earners-fill-down.json,fusepoolP3_p3-batchrefine_engines_inputs_high-earners.csv,fusepoolP3_p3-batchrefine_engines_outputs_high-earners_fill-down.csv,2,0.2
fusepoolP3_p3-batchrefine_engines_transforms_high-earners-multivalued-cell-join.json,fusepoolP3_p3-batchrefine_engines_inputs_high-earners.csv,fusepoolP3_p3-batchrefine_engines_outputs_high-earners_multivalued-cell-join.csv,2,0.2
fusepoolP3_p3-batchrefine_engines_transforms_high-earners-multivalued-cell-join.json,fusepoolP3_p3-batchrefine_engines_inputs_high-earners.csv,fusepoolP3_p3-batchrefine_engines_outputs_high-earners_multivalued-cell-join.csv,2,0.2
fusepoolP3_p3-batchrefine_engines_transforms_osterie-column-addition-by-fetching-urls.json,fusepoolP3_p3-batchrefine_engines_inputs_osterie.csv,fusepoolP3_p3-batchrefine_engines_outputs_osterie_column-addition-by-fetching-urls.csv,1,0.1
fusepoolP3_p3-batchrefine_engines_transforms_osterie-column-rename.json,fusepoolP3_p3-batchrefine_engines_inputs_osterie.csv,fusepoolP3_p3-batchrefine_engines_outputs_osterie_column-rename.csv,2,0.2
fusepoolP3_p3-batchrefine_engines_transforms_osterie-compositetransform_with_GREL.json,fusepoolP3_p3-batchrefine_engines_inputs_smallab.csv,fusepoolP3_p3-batchrefine_engines_outputs_osterie_compositetransform_with_GREL.csv,4,0.4
fusepoolP3_p3-transformer-configs_toscana-hotels_strutture-transform.json,fusepoolP3_p3-transformer-configs_toscana-hotels_strutturericettive20141012.csv,fusepoolP3_p3-transformer-configs_toscana-hotels_strutturericettive-cleaned.csv,8,0.8
GMDSP-Linked-Data_GenericStatsCube_1-genericStats-ID.json,GMDSP-Linked-Data_GenericStatsCube_ExampleStatsCube-data.csv,GMDSP-Linked-Data_GenericStatsCube_ExampleStatsCube-01_updated.csv,2,0.2
GMDSP-Linked-Data_GenericStatsCube_2-genericStats-ReconcileAreas.json,GMDSP-Linked-Data_GenericStatsCube_ExampleStatsCube-data.csv,GMDSP-Linked-Data_GenericStatsCube_ExampleStatsCube-02_reconcile.csv,2,0.2
Herrner_HOS-MetadataTransformations_dkrz_01_oai-cleanup.json,Herrner_HOS-MetadataTransformations_data_02_transformed_dkrz_20230425_165103_00.tsv,Herrner_HOS-MetadataTransformations_data_02_transformed_dkrz_20230425_165103_01_oai-cleanup.json.tsv,10,1.0
Herrner_HOS-MetadataTransformations_dkrz_02_create-record-id.json,Herrner_HOS-MetadataTransformations_data_02_transformed_dkrz_20230425_165103_01_oai-cleanup.json.tsv,Herrner_HOS-MetadataTransformations_data_02_transformed_dkrz_20230425_165103_02_create-record-id.json.tsv,3,0.3
Herrner_HOS-MetadataTransformations_dkrz_04_mass-edits.json,Herrner_HOS-MetadataTransformations_data_02_transformed_dkrz_20230425_165103_03_add-columns.json.tsv,Herrner_HOS-MetadataTransformations_data_02_transformed_dkrz_20230425_165103_04_mass-edits.json.tsv,2,0.2
Herrner_HOS-MetadataTransformations_dkrz_08_delete-empty-rows.json,Herrner_HOS-MetadataTransformations_data_02_transformed_dkrz_20230425_165103_07_reorder-columns.json.tsv,Herrner_HOS-MetadataTransformations_data_02_transformed_dkrz_20230425_165103_08_delete-empty-rows.json.tsv,1,0.1
Herrner_HOS-MetadataTransformations_ediss_02_create-record-id.json,Herrner_HOS-MetadataTransformations_data_02_transformed_ediss_20230425_165946_01_oai-cleanup.json.tsv,Herrner_HOS-MetadataTransformations_data_02_transformed_ediss_20230425_165946_02_create-record-id.json.tsv,5,0.5
Herrner_HOS-MetadataTransformations_ediss_06_join-multi-valued-cells.json,Herrner_HOS-MetadataTransformations_data_02_transformed_ediss_20230425_165946_05_enrichment.json.tsv,Herrner_HOS-MetadataTransformations_data_02_transformed_ediss_20230425_165946_06_join-multi-valued-cells.json.tsv,6,0.6
Herrner_HOS-MetadataTransformations_ediss_08_delete-empty-rows.json,Herrner_HOS-MetadataTransformations_data_02_transformed_ediss_20230425_165946_07_reorder-columns.json.tsv,Herrner_HOS-MetadataTransformations_data_02_transformed_ediss_20230425_165946_08_delete-empty-rows.json.tsv,1,0.1
Herrner_HOS-MetadataTransformations_haw_05_enrichment.json,Herrner_HOS-MetadataTransformations_data_02_transformed_haw_20230425_173643_04_mass-edits.json.tsv,Herrner_HOS-MetadataTransformations_data_02_transformed_haw_20230425_173643_05_enrichment.json.tsv,4,0.4
Herrner_HOS-MetadataTransformations_haw_06_join-multi-valued-cells.json,Herrner_HOS-MetadataTransformations_data_02_transformed_haw_20230425_173643_05_enrichment.json.tsv,Herrner_HOS-MetadataTransformations_data_02_transformed_haw_20230425_173643_06_join-multi-valued-cells.json.tsv,7,0.7
Herrner_HOS-MetadataTransformations_haw_08_delete-empty-rows.json,Herrner_HOS-MetadataTransformations_data_02_transformed_haw_20230425_173643_07_reorder-columns.json.tsv,Herrner_HOS-MetadataTransformations_data_02_transformed_haw_20230425_173643_08_delete-empty-rows.json.tsv,1,0.1
Herrner_HOS-MetadataTransformations_hcu_02_create-record-id.json,Herrner_HOS-MetadataTransformations_data_02_transformed_hcu_20230425_175306_01_oai-cleanup.json.tsv,Herrner_HOS-MetadataTransformations_data_02_transformed_hcu_20230425_175306_02_create-record-id.json.tsv,4,0.4
Herrner_HOS-MetadataTransformations_hcu_06_join-multi-valued-cells.json,Herrner_HOS-MetadataTransformations_data_02_transformed_hcu_20230425_175306_05_enrichment.json.tsv,Herrner_HOS-MetadataTransformations_data_02_transformed_hcu_20230425_175306_06_join-multi-valued-cells.json.tsv,7,0.7
Herrner_HOS-MetadataTransformations_hcu_07_reorder-columns.json,Herrner_HOS-MetadataTransformations_data_02_transformed_hcu_20230425_175306_06_join-multi-valued-cells.json.tsv,Herrner_HOS-MetadataTransformations_data_02_transformed_hcu_20230425_175306_07_reorder-columns.json.tsv,1,0.1
Herrner_HOS-MetadataTransformations_hcu_08_delete-empty-rows.json,Herrner_HOS-MetadataTransformations_data_02_transformed_hcu_20230425_175306_07_reorder-columns.json.tsv,Herrner_HOS-MetadataTransformations_data_02_transformed_hcu_20230425_175306_08_delete-empty-rows.json.tsv,1,0.1
Herrner_HOS-MetadataTransformations_tubdok_02_create-record-id.json,Herrner_HOS-MetadataTransformations_data_02_transformed_tubdok_20230425_173734_01_oai-cleanup.json.tsv,Herrner_HOS-MetadataTransformations_data_02_transformed_tubdok_20230425_173734_02_create-record-id.json.tsv,3,0.3
Herrner_HOS-MetadataTransformations_tubdok_04_mass-edits.json,Herrner_HOS-MetadataTransformations_data_02_transformed_tubdok_20230425_173734_03_add-columns.json.tsv,Herrner_HOS-MetadataTransformations_data_02_transformed_tubdok_20230425_173734_04_mass-edits.json.tsv,10,1.0
Herrner_HOS-MetadataTransformations_tubdok_06_join-multi-valued-cells.json,Herrner_HOS-MetadataTransformations_data_02_transformed_tubdok_20230425_173734_05_enrichment.json.tsv,Herrner_HOS-MetadataTransformations_data_02_transformed_tubdok_20230425_173734_06_join-multi-valued-cells.json.tsv,6,0.6
Herrner_HOS-MetadataTransformations_tubdok_09_last-edits.json,Herrner_HOS-MetadataTransformations_data_02_transformed_tubdok_20230425_173734_08_delete-empty-rows.json.tsv,Herrner_HOS-MetadataTransformations_data_02_transformed_tubdok_20230425_173734_09_last-edits.json.tsv,3,0.3
Herrner_HOS-MetadataTransformations_tuhh-fdm_02_create-record-id.json,Herrner_HOS-MetadataTransformations_data_02_transformed_tuhh-fdm_20230425_174556_01_oai-cleanup.json.tsv,Herrner_HOS-MetadataTransformations_data_02_transformed_tuhh-fdm_20230425_174556_02_create-record-id.json.tsv,3,0.3
Herrner_HOS-MetadataTransformations_tuhh-fdm_04_mass-edits.json,Herrner_HOS-MetadataTransformations_data_02_transformed_tuhh-fdm_20230425_174556_03_add-columns.json.tsv,Herrner_HOS-MetadataTransformations_data_02_transformed_tuhh-fdm_20230425_174556_04_mass-edits.json.tsv,2,0.2
idaks_openrefine-reproducibility-src_Demo_all_provenance_files_demo1a_part1_demo1a_part1_OH.json,idaks_openrefine-reproducibility-src_Demo_all_provenance_files_demo1a_part1_demo1a_part1_partMenu.csv,idaks_openrefine-reproducibility-src_Demo_all_provenance_files_demo1a_part1_demo1a-part1-partMenu-updated.csv,5,0.5
idaks_openrefine-reproducibility-src_Demo_all_provenance_files_demo2_part1_demo2_part1_OH.json,idaks_openrefine-reproducibility-src_Demo_all_provenance_files_demo1a_part1_demo1a-part1-partMenu-updated.csv,idaks_openrefine-reproducibility-src_Demo_all_provenance_files_demo2_part1_Menu-5-updated.csv,5,0.5
idaks_openrefine-reproducibility-src_test_files_not_complete.json,idaks_openrefine-reproducibility-src_test_files_Tutorial_OR.csv,idaks_openrefine-reproducibility-src_test_files_Tutorial_OR.csv,8,0.8
idaks_openrefine-reproducibility-src_test_files_Tutorial_OR_ui_ops.json,idaks_openrefine-reproducibility-src_test_files_Tutorial_OR.csv,idaks_openrefine-reproducibility-src_test_files_Tutorial_OR.csv,8,0.8
IHEC_epimap-metadata-harmonization_openrefine_donor_health_status-AMED-CREST-Sasaki.json,IHEC_epimap-metadata-harmonization_raw_EpiAtlas_EpiRR_metadata_all.csv,IHEC_epimap-metadata-harmonization_donor_health_status-updated.csv,8,0.8
IHEC_epimap-metadata-harmonization_openrefine_sample_ontology_term-BLUEPRINT.json,IHEC_epimap-metadata-harmonization_IHEC-metadata-harmonization-v0-1-xls.csv,IHEC_epimap-metadata-harmonization_sample-ontology-blueprint-updated.csv,7,0.7
IHEC_epimap-metadata-harmonization_openrefine_v0.1_donor_health_status-AMED-CREST-Sasaki.json,IHEC_epimap-metadata-harmonization_IHEC-metadata-harmonization-v0-1-xls.csv,IHEC_epimap-metadata-harmonization_donor_health_status-02_updated.csv,8,0.8
IHEC_epimap-metadata-harmonization_openrefine_v0.1_example.json,IHEC_epimap-metadata-harmonization_IHEC-metadata-harmonization-v0-1-xls.csv,IHEC_epimap-metadata-harmonization_example-updated.csv,4,0.4
IHEC_epimap-metadata-harmonization_openrefine_v0.1_sample_ontology_term-BLUEPRINT.json,IHEC_epimap-metadata-harmonization_IHEC-metadata-harmonization-v0-1-xls.csv,IHEC_epimap-metadata-harmonization_donor_health_status-02_updated.csv,7,0.7
IHEC_epimap-metadata-harmonization_openrefine_v0.10_minor_disease_issues.json,IHEC_epimap-metadata-harmonization_openrefine_v0.10_internal--IHEC_metadata_harmonization.v0.9.extended - Comp_health_disease.csv,IHEC_epimap-metadata-harmonization_minor-disease-issues-updated.csv,6,0.6
IHEC_epimap-metadata-harmonization_openrefine_v0.4_removeIDs.json,IHEC_epimap-metadata-harmonization_openrefine_v0.4_IHEC_metadata_harmonization.v0.4.csv,IHEC_epimap-metadata-harmonization_IHEC-metadata-harmonization-v0-4-updated.csv,4,0.4
IHEC_epimap-metadata-harmonization_openrefine_v0.5_EpiRR_update.json,IHEC_epimap-metadata-harmonization_IHEC_metadata_harmonization.v0.5.csv,IHEC_epimap-metadata-harmonization_IHEC_metadata_harmonization.v0.5-updated.csv,10,1.0
IHEC_epimap-metadata-harmonization_openrefine_v0.6_remove_columns.json,IHEC_epimap-metadata-harmonization_donor_health_status-02_updated.csv,IHEC_epimap-metadata-harmonization_donor_health_status-02_updated.csv,4,0.4
IHEC_epimap-metadata-harmonization_openrefine_v1.0_additional_fixes.json,IHEC_epimap-metadata-harmonization_openrefine_v0.11_IHEC_metadata_harmonization.v0.11.csv,IHEC_epimap-metadata-harmonization_openrefine_v1.0_IHEC_metadata_harmonization.v1.0.csv,4,0.4
LanLi2017_OR2YWTool_graph_analysis_Rename_schema.json,LanLi2017_OR2YWTool_or2yw_examples_NYPL_dataset_Menupart.csv,LanLi2017_OR2YWTool_Menupart-rename-schema.csv,4,0.4
LanLi2017_OR2YWTool_graph_analysis_test.json,LanLi2017_OR2YWTool_or2yw_examples_Ecology_rodents_dataset_Portal_rodents_19772002_scinameUUIDs.csv,LanLi2017_OR2YWTool_Portal-rodents-19772002-scinameUUIDs-test.csv,5,0.5
LanLi2017_OR2YWTool_graph_analysis_wf.json,LanLi2017_OR2YWTool_or2yw_examples_NYPL_dataset_Menupart.csv,LanLi2017_OR2YWTool_graph_analysis_wf.json,9,0.9
LanLi2017_OR2YWTool_JSONfortest_common_transformation.json,LanLi2017_OR2YWTool_or2yw_examples_NYPL_dataset_Menupart.csv,LanLi2017_OR2YWTool_Menupart-common-transformation.csv,3,0.3
LanLi2017_OR2YWTool_JSONfortest_Split_parallel.json,LanLi2017_OR2YWTool_or2yw_examples_NYPL_dataset_Menupart.csv,LanLi2017_OR2YWTool_JSONfortest_Split_parallel.json,3,0.3
LanLi2017_OR2YWTool_JSONfortest_Split_Rename.json,LanLi2017_OR2YWTool_or2yw_examples_NYPL_dataset_Menupart.csv,LanLi2017_OR2YWTool_Menupart-Split_rename.csv,3,0.3
LanLi2017_OR2YWTool_JSONfortest_wf.json,LanLi2017_OR2YWTool_or2yw_examples_NYPL_dataset_Menupart.csv,LanLi2017_OR2YWTool_Menupart-wf_2.csv,9,0.9
LanLi2017_OR2YWTool_or2yw_examples_NYPL_script_userScript.json,LanLi2017_OR2YWTool_or2yw_examples_NYPL_dataset_Menupart.csv,LanLi2017_OR2YWTool_Menupart-userScript.csv,8,0.8
LanLi2017_OR2YWTool_or2yw_examples_Runtime_model_runtime_Model.json,LanLi2017_OR2YWTool_or2yw_examples_NYPL_dataset_Menupart.csv,LanLi2017_OR2YWTool_Menupart-runtimeModel.csv,2,0.2
LanLi2017_OR2YWTool_or2yw_iconf_recipe.json,LanLi2017_OR2YWTool_or2yw_iconf_output_Menu-csv.csv,LanLi2017_OR2YWTool_or2yw_iconf_input_Menu-csv.csv,8,0.8
levidehaan_securitynowbigdataproject_data_dir_openRefine.json,levidehaan_securitynowbigdataproject_data_dir_SecurityNow453-raw.csv,levidehaan_securitynowbigdataproject_data_dir_SecurityNow453.csv,6,0.6
LottieDot_Curso2022-2023_HandsOn_Group02_openrefine_bases_bicimad-with-links.json,LottieDot_Curso2022-2023_HandsOn_Group02_csv_bases_bicimad-updated-v2.csv,LottieDot_Curso2022-2023_HandsOn_Group02_csv_bases_bicimad-updated-with-links.csv,6,0.6
LottieDot_Curso2022-2023_HandsOn_Group02_openrefine_PUNTOS-PUBLICOS-RECARGA-VEHICULOS-ELECTRICOS-with-links-v2.json,LottieDot_Curso2022-2023_HandsOn_Group02_csv_PUNTOS-PUBLICOS-RECARGA-VEHICULOS-ELECTRICOS-updated-with-links.csv,LottieDot_Curso2022-2023_HandsOn_Group02_csv_PUNTOS-PUBLICOS-RECARGA-VEHICULOS-ELECTRICOS-updated-with-links-v2.csv,4,0.4
LottieDot_Curso2022-2023_HandsOn_Group08_openrefine_changes-with-links.json,LottieDot_Curso2022-2023_HandsOn_Group02_csv_PUNTOS-PUBLICOS-RECARGA-VEHICULOS-ELECTRICOS-updated-with-links.csv,LottieDot_Curso2022-2023_HandsOn_Group08_csv_puntos-limpios-fijos-with-links.csv,9,0.9
LottieDot_Curso2022-2023_HandsOn_Group77_lodrefine_Modificaciones_museos_link.json,LottieDot_Curso2022-2023_HandsOn_Group77_csv_museos-.updated.csv,LottieDot_Curso2022-2023_HandsOn_Group77_csv_museos-updated-with-links.csv,9,0.9
mdelucasg_Curso2020-2021_HandsOn_Group15_lodrefine_centros_educativos_cambios.json,mdelucasg_Curso2020-2021_HandsOn_Group15_csv_centros_educativos.csv,mdelucasg_Curso2020-2021_HandsOn_Group15_csv_centros_educativos-updated.csv,5,0.5
mdelucasg_Curso2020-2021_HandsOn_Group16_lodrefine_jsonEstaciones.json,mdelucasg_Curso2020-2021_HandsOn_Group16_csv_unrefined_informacion_estaciones_red_calidad_aire.csv,mdelucasg_Curso2020-2021_HandsOn_Group16_csv_refined_estaciones.csv,6,0.6
mdelucasg_Curso2020-2021_HandsOn_Group25_lodrefine_historial.json,mdelucasg_Curso2020-2021_HandsOn_Group25_csv_calidad_agua.csv,mdelucasg_Curso2020-2021_HandsOn_Group25_csv_calidad_agua-updated.csv,10,1.0
mdelucasg_Curso2020-2021_HandsOn_Group27_lodrefine_ArboladoZonasVerdesDistritosCalles_2019.json,mdelucasg_Curso2020-2021_HandsOn_Group27_csv_ArboladoZonasVerdesDistritosCalles_2019.csv,mdelucasg_Curso2020-2021_HandsOn_Group27_csv_ArboladoZonasVerdesDistritosCalles_2019-updated.csv.csv,4,0.4
mdelucasg_Curso2020-2021_HandsOn_Group56_openrefine_Modifications.json,mdelucasg_Curso2020-2021_HandsOn_Group56_csv_ZonasVerdes-100.csv,mdelucasg_Curso2020-2021_HandsOn_Group56_csv_ZonasVerdes-updated.csv,10,1.0
MikeTrizna_lc_openrefine_example_article_cleaning_openrefine.json,MikeTrizna_lc_openrefine_example_doaj_article_sample.csv,MikeTrizna_lc_openrefine_example_doaj-article-sample-updated.csv,7,0.7
mjfrigaard_cleaning-data-p2-bu-2019_json_us-addresses.json,mjfrigaard_cleaning-data-p2-bu-2019_csv_us-addresses.csv,mjfrigaard_cleaning-data-p2-bu-2019_csv_us-addresses-updated.csv,5,0.5
oeg-upm_201612-clarityhackathon-upm_transformations_refine-script-tipo-agente.json,oeg-upm_201612-clarityhackathon-upm_dirigidoa-smultiple-xml.csv,oeg-upm_201612-clarityhackathon-upm_dirigidoa-smultiple-updated.csv,7,0.7
oeg-upm_201612-clarityhackathon-upm_transformations_refine-script-tipo-servicio.json,oeg-upm_201612-clarityhackathon-upm_data_temas_subtemas.csv,oeg-upm_201612-clarityhackathon-upm_temas-subtemas-updated.csv,5,0.5
opencitydata_listas-codigos-skos_comercio_cnae09_transformations.json,opencitydata_listas-codigos-skos_comercio_cnae09.csv,opencitydata_listas-codigos-skos_comercio_cnae09-updated.csv,10,1.0
opencitydata_listas-codigos-skos_comercio_madrid_EpigrafesActividadEconomica.json,opencitydata_listas-codigos-skos_comercio_madrid_EpigrafesActividadEconomica.csv,opencitydata_listas-codigos-skos_comercio_madrid_EpigrafesActividadEconomica.csv,8,0.8
opencitydata_listas-codigos-skos_urbanismo-infraestructuras_callejero_TipoViasINE_OpenRefine.json,opencitydata_listas-codigos-skos_urbanismo-infraestructuras_callejero_TipoViasINE-csv.csv,opencitydata_listas-codigos-skos_urbanismo-infraestructuras_callejero_TipoViasINE-updated.csv,8,0.8
piehld_IS532-Final-Project_OpenRefine-History_locations-history.json,piehld_IS532-Final-Project_Data_Queried_war_locations.csv,piehld_IS532-Final-Project_Data_Wrangled_locations.csv,2,0.2
piehld_IS532-Final-Project_OpenRefine-History_participants-history.json,piehld_IS532-Final-Project_Data_Queried_wars_participants.csv,piehld_IS532-Final-Project_Data_Wrangled_participants.csv,3,0.3
Research-Squirrel-Engineers_nfdi-wikidata_openrefine.json,Research-Squirrel-Engineers_nfdi-wikidata_nfdi_wikidata.csv,Research-Squirrel-Engineers_nfdi-wikidata_nfdi-wikidata-updated.csv,6,0.6
statesman_demolitions_openrefine_contractor_clean.json,statesman_demolitions_data-raw_full-downloaded.csv,statesman_demolitions_openrefine_contractor_clean.csv,6,0.6
tamuleifan_CSE6242-Data-Visual-Analytics-Homework-Solutions_hw1_Q4_changes.json,tamuleifan_CSE6242-Data-Visual-Analytics-Homework-Solutions_train.tsv,tamuleifan_CSE6242-Data-Visual-Analytics-Homework-Solutions_hw1_Q4_properties_clean.csv,6,0.6
ualbertalib_metadata_metadata-wrangling_BIBFRAME_2015Imprint_VIAF_OR.json,ualbertalib_metadata_metadata-wrangling_BIBFRAME_2015Imprint_2015_imprint_names.tsv,ualbertalib_metadata_metadata-wrangling_BIBFRAME_2015Imprint_2015_imprint_names_VIAF.tsv,7,0.7
ualbertalib_metadata_metadata-wrangling_BIBFRAME_UADATA-BIBFRAME-Segmented_subjects_LCSH-OR-process.json,ualbertalib_metadata_metadata-wrangling_BIBFRAME_UADATA-BIBFRAME-Segmented_UADATA_names.tsv,ualbertalib_metadata_metadata-wrangling_BIBFRAME_UADATA-BIBFRAME-Segmented_UADATA_names_1_LC.tsv,7,0.7
utdata_thcic-pudf_procedures_extraction-operation-history.json,utdata_thcic-pudf_procedures_IQI-Appendix-A-v2020-raw.csv,utdata_thcic-pudf_procedures_IQI_Appendix_A_v2020-updated.csv,7,0.7
FacultadInformatica-LinkedData_Curso2014-2015_HandsOn_Group07_lodrefine_centro de salud.json,FacultadInformatica-LinkedData_Curso2014-2015_HandsOn_Group07_csv_centro de salud-raw.csv,FacultadInformatica-LinkedData_Curso2014-2015_HandsOn_Group07_csv_centro de salud.csv,5,0.5
fusepoolP3_p3-transformer-configs_trentino-restaurants_osterie-transform.json,fusepoolP3_p3-transformer-configs_trentino-restaurants_Elenco_osterie_tipiche_civici.1386925759.csv,fusepoolP3_p3-transformer-configs_trentino-restaurants_Elenco_osterie_tipiche_civici.1386925759.cleaned.csv,8,0.8
FacultadInformatica-LinkedData_Curso2015-2016_HandsOn_Group01_lodrefine_Parking_meters-csv­updated.json,FacultadInformatica-LinkedData_Curso2015-2016_HandsOn_Group01_csv_csv modified_Parking_meters.csv,FacultadInformatica-LinkedData_Curso2015-2016_HandsOn_Group01_Parking-meters-updated.csv,9,0.9
FacultadInformatica-LinkedData_Curso2016-2017_Group13_lodrefine_DOITT_SUBWAY_ENTRANCE_01_13SEPT2010.json,FacultadInformatica-LinkedData_Curso2016-2017_Group13_0_EntregaFinal_y_Presentacion_DOITT_SUBWAY_ENTRANCE_01_13SEPT2010.csv,FacultadInformatica-LinkedData_Curso2016-2017_Group13_csv_DOITT_SUBWAY_ENTRANCE_01_13SEPT2010.csv,9,0.9
FacultadInformatica-LinkedData_Curso2018-2019_HandsOn_Group07_lodrefine_operationsStations-with-links.json,FacultadInformatica-LinkedData_Curso2018-2019_HandsOn_Group07_csv_stations.csv,FacultadInformatica-LinkedData_Curso2018-2019_HandsOn_Group07_stations-updated.csv,9,0.9
FacultadInformatica-LinkedData_Curso2019-2020-OpenDataKnowledgeGraphs_HandsOn_Group06_lodrefine_Blue_Bikes_System_and_Data.json,FacultadInformatica-LinkedData_Curso2019-2020-OpenDataKnowledgeGraphs_HandsOn_Group06_csv__old_Blue_Bikes_System_and_Data.csv,FacultadInformatica-LinkedData_Curso2019-2020-OpenDataKnowledgeGraphs_HandsOn_Group06_csv_Blue_Bikes_System_and_Data.csv,9,0.9
,alejandrofcarrera_DatathonMadrid16_source_datasets_208327.csv,alejandrofcarrera_DatathonMadrid16_source_datasets_208327.csv,0,0.0
,tamuleifan_CSE6242-Data-Visual-Analytics-Homework-Solutions_train.tsv,tamuleifan_CSE6242-Data-Visual-Analytics-Homework-Solutions_train.tsv,0,0.0
,MikeTrizna_lc_openrefine_example_doaj_article_sample.csv,MikeTrizna_lc_openrefine_example_doaj_article_sample.csv,0,0.0
,fusepoolP3_p3-transformer-configs_toscana-hotels_strutturericettive20141012.csv,fusepoolP3_p3-transformer-configs_toscana-hotels_strutturericettive20141012.csv,0,0.0
,Research-Squirrel-Engineers_nfdi-wikidata_nfdi_wikidata.csv,Research-Squirrel-Engineers_nfdi-wikidata_nfdi_wikidata.csv,0,0.0
,FacultadInformatica-LinkedData_Curso2016-2017_Group13_0_EntregaFinal_y_Presentacion_DOITT_SUBWAY_ENTRANCE_01_13SEPT2010.csv,FacultadInformatica-LinkedData_Curso2016-2017_Group13_0_EntregaFinal_y_Presentacion_DOITT_SUBWAY_ENTRANCE_01_13SEPT2010.csv,0,0.0
,Herrner_HOS-MetadataTransformations_data_02_transformed_tubdok_20230425_173734_03_add-columns.json.tsv,Herrner_HOS-MetadataTransformations_data_02_transformed_tubdok_20230425_173734_03_add-columns.json.tsv,0,0.0
,mdelucasg_Curso2020-2021_HandsOn_Group25_csv_calidad_agua.csv,mdelucasg_Curso2020-2021_HandsOn_Group25_csv_calidad_agua.csv,0,0.0
,LanLi2017_OR2YWTool_or2yw_examples_NYPL_dataset_Menupart.csv,LanLi2017_OR2YWTool_or2yw_examples_NYPL_dataset_Menupart.csv,0,0.0
,FacultadInformatica-LinkedData_Curso2019-2020-OpenDataKnowledgeGraphs_HandsOn_Group06_csv__old_Blue_Bikes_System_and_Data.csv,FacultadInformatica-LinkedData_Curso2019-2020-OpenDataKnowledgeGraphs_HandsOn_Group06_csv__old_Blue_Bikes_System_and_Data.csv,0,0.0
